model,accuracy,f1_macro
random_forest,0.5675675675675675,0.5625396825396826
