model,accuracy,f1_macro
random_forest,0.5675675675675675,0.5625396825396826
xgboost,0.4594594594594595,0.4610925306577481
lightgbm,0.5405405405405406,0.5361813020615198
